[
  {
    "id": "9782e719-d90d-41c9-a4ed-71247cc71fae",
    "data": [
      {
        "text": "looking for a room in hotel",
        "userDefined": false
      }
    ],
    "isTemplate": false,
    "count": 0,
    "lang": "en",
    "updated": 0
  },
  {
    "id": "612b706b-6f91-44d8-9956-3183124bc69c",
    "data": [
      {
        "text": "can I get a hotel room",
        "userDefined": false
      }
    ],
    "isTemplate": false,
    "count": 0,
    "lang": "en",
    "updated": 0
  },
  {
    "id": "d4c2cd8e-866e-4532-bb3d-de1189e79a2c",
    "data": [
      {
        "text": "book a ",
        "userDefined": false
      },
      {
        "text": "single",
        "meta": "@bed-quantity",
        "alias": "bed-quantity",
        "userDefined": false
      },
      {
        "text": " bed hotel room",
        "userDefined": false
      }
    ],
    "isTemplate": false,
    "count": 0,
    "lang": "en",
    "updated": 0
  },
  {
    "id": "125c7d88-c7d1-4bda-866d-d72d08e7e666",
    "data": [
      {
        "text": "book a hotel room",
        "userDefined": false
      }
    ],
    "isTemplate": false,
    "count": 0,
    "lang": "en",
    "updated": 0
  },
  {
    "id": "208ea27f-84b3-4c82-b3be-583ef845c2cb",
    "data": [
      {
        "text": "make a reservation of hotel room",
        "userDefined": false
      }
    ],
    "isTemplate": false,
    "count": 0,
    "lang": "en",
    "updated": 0
  },
  {
    "id": "b284dfbd-55a1-4acd-9684-46ccb28ba822",
    "data": [
      {
        "text": "book a room",
        "userDefined": false
      }
    ],
    "isTemplate": false,
    "count": 0,
    "lang": "en",
    "updated": 0
  },
  {
    "id": "46b61e41-6178-4106-914b-4812e308c520",
    "data": [
      {
        "text": "I want to book a hotel",
        "userDefined": false
      }
    ],
    "isTemplate": false,
    "count": 0,
    "lang": "en",
    "updated": 0
  }
]