[
  {
    "id": "8d4944b3-2b25-467a-b92f-fd2ef0ddd077",
    "data": [
      {
        "text": "Delhi",
        "meta": "@sys.geo-city",
        "alias": "geo-city",
        "userDefined": false
      }
    ],
    "isTemplate": false,
    "count": 0,
    "lang": "en",
    "updated": 0
  },
  {
    "id": "bbe9e750-7c7d-4be8-afc1-908daaf226b7",
    "data": [
      {
        "text": "My preference is ",
        "userDefined": false
      },
      {
        "text": "Manali",
        "meta": "@sys.geo-city",
        "alias": "geo-city",
        "userDefined": false
      }
    ],
    "isTemplate": false,
    "count": 0,
    "lang": "en",
    "updated": 0
  },
  {
    "id": "5a637341-3e7c-4bc2-8fc2-a469b9e2d82a",
    "data": [
      {
        "text": "I will have my stay in ",
        "userDefined": false
      },
      {
        "text": "Jalandhar",
        "meta": "@sys.geo-city",
        "alias": "geo-city",
        "userDefined": false
      }
    ],
    "isTemplate": false,
    "count": 0,
    "lang": "en",
    "updated": 0
  },
  {
    "id": "e529f7ac-d47e-4f0f-8277-6131d4dc7fc6",
    "data": [
      {
        "text": "get me a room in ",
        "userDefined": false
      },
      {
        "text": "Delhi",
        "meta": "@sys.geo-city",
        "alias": "geo-city",
        "userDefined": false
      }
    ],
    "isTemplate": false,
    "count": 0,
    "lang": "en",
    "updated": 0
  },
  {
    "id": "3565c3bb-3e96-4081-80ac-fcbbdf93d379",
    "data": [
      {
        "text": "I am willing to get a room in ",
        "userDefined": false
      },
      {
        "text": "Mumbai",
        "meta": "@sys.geo-city",
        "alias": "geo-city",
        "userDefined": false
      }
    ],
    "isTemplate": false,
    "count": 0,
    "lang": "en",
    "updated": 0
  },
  {
    "id": "0e6d3bc6-599a-4203-957a-fb7cd3b1d3f8",
    "data": [
      {
        "text": "I want a hotel room in ",
        "userDefined": false
      },
      {
        "text": "Banglore",
        "meta": "@sys.geo-city",
        "alias": "geo-city",
        "userDefined": false
      }
    ],
    "isTemplate": false,
    "count": 0,
    "lang": "en",
    "updated": 0
  }
]