[
  {
    "id": "a544e851-daf3-4bff-9d62-69c89552b110",
    "data": [
      {
        "text": "22",
        "meta": "@sys.age",
        "alias": "age",
        "userDefined": false
      }
    ],
    "isTemplate": false,
    "count": 0,
    "lang": "en",
    "updated": 0
  },
  {
    "id": "ad43fbe5-4c23-4f9f-8795-012de144cdda",
    "data": [
      {
        "text": "I\u0027m ",
        "userDefined": false
      },
      {
        "text": "22",
        "meta": "@sys.age",
        "alias": "age",
        "userDefined": false
      }
    ],
    "isTemplate": false,
    "count": 0,
    "lang": "en",
    "updated": 0
  },
  {
    "id": "d11fb7e4-3bfb-4be2-b10b-00c9441b84f2",
    "data": [
      {
        "text": "my age is ",
        "userDefined": false
      },
      {
        "text": "22",
        "meta": "@sys.age",
        "alias": "age",
        "userDefined": true
      }
    ],
    "isTemplate": false,
    "count": 0,
    "lang": "en",
    "updated": 0
  },
  {
    "id": "a162f68c-96b9-4c13-ae89-1ca54b9f8592",
    "data": [
      {
        "text": "I am ",
        "userDefined": false
      },
      {
        "text": "22",
        "meta": "@sys.age",
        "alias": "age",
        "userDefined": false
      }
    ],
    "isTemplate": false,
    "count": 0,
    "lang": "en",
    "updated": 0
  }
]