[
  {
    "id": "0e222401-c646-4ace-a5b2-e436945a4373",
    "data": [
      {
        "text": "provide the booked hotel details",
        "userDefined": false
      }
    ],
    "isTemplate": false,
    "count": 0,
    "lang": "en",
    "updated": 0
  },
  {
    "id": "9e0e87dd-0232-4b58-ac6a-6d7d1dd2e9e7",
    "data": [
      {
        "text": "Please give me the details of booked hotel for me",
        "userDefined": false
      }
    ],
    "isTemplate": false,
    "count": 0,
    "lang": "en",
    "updated": 0
  },
  {
    "id": "e90a85ca-bc1d-4d33-a1f6-1b59bd38f31d",
    "data": [
      {
        "text": "Can I get the details of the hotel that I booked",
        "userDefined": false
      }
    ],
    "isTemplate": false,
    "count": 0,
    "lang": "en",
    "updated": 0
  },
  {
    "id": "98ac802f-abc3-4f78-9eaa-2a75bab0091e",
    "data": [
      {
        "text": "I want to know about hotel details that I have booked",
        "userDefined": false
      }
    ],
    "isTemplate": false,
    "count": 0,
    "lang": "en",
    "updated": 0
  }
]