[
  {
    "id": "b33fd01f-885c-4d58-a5e0-5790b2853c8c",
    "data": [
      {
        "text": "get me a ",
        "userDefined": false
      },
      {
        "text": "economic",
        "meta": "@room-category",
        "alias": "room-category",
        "userDefined": false
      },
      {
        "text": " room",
        "userDefined": false
      }
    ],
    "isTemplate": false,
    "count": 0,
    "lang": "en",
    "updated": 0
  },
  {
    "id": "9041ba6b-8e8a-478b-8044-00367065d0d7",
    "data": [
      {
        "text": "I\u0027ll choose ",
        "userDefined": false
      },
      {
        "text": "normal",
        "meta": "@room-category",
        "alias": "room-category",
        "userDefined": false
      },
      {
        "text": " room",
        "userDefined": false
      }
    ],
    "isTemplate": false,
    "count": 0,
    "lang": "en",
    "updated": 0
  },
  {
    "id": "d639ab47-53a8-4301-9d7f-2f7443d62180",
    "data": [
      {
        "text": "i will prefer to stay in ",
        "userDefined": false
      },
      {
        "text": "VIP",
        "meta": "@room-category",
        "alias": "room-category",
        "userDefined": false
      }
    ],
    "isTemplate": false,
    "count": 0,
    "lang": "en",
    "updated": 0
  }
]