[
  {
    "id": "ff4244ea-efc3-4858-a10e-4803b8c023a2",
    "data": [
      {
        "text": "Book the hotel in the name of ",
        "userDefined": false
      },
      {
        "text": "pooja",
        "meta": "@sys.person",
        "alias": "person",
        "userDefined": false
      }
    ],
    "isTemplate": false,
    "count": 0,
    "lang": "en",
    "updated": 0
  },
  {
    "id": "b9532445-387a-4251-b852-ac20df8a2ef7",
    "data": [
      {
        "text": "my name is ",
        "userDefined": false
      },
      {
        "text": "pooja",
        "meta": "@sys.person",
        "alias": "person",
        "userDefined": false
      }
    ],
    "isTemplate": false,
    "count": 0,
    "lang": "en",
    "updated": 0
  },
  {
    "id": "9232a7cb-cf81-4af0-8e0b-120732f54d69",
    "data": [
      {
        "text": "myself ",
        "userDefined": false
      },
      {
        "text": "pooja",
        "meta": "@sys.person",
        "alias": "person",
        "userDefined": false
      }
    ],
    "isTemplate": false,
    "count": 0,
    "lang": "en",
    "updated": 0
  },
  {
    "id": "ce1fa128-cdd6-4965-984d-4d1e567326ec",
    "data": [
      {
        "text": "pooja singh",
        "meta": "@sys.person",
        "alias": "person",
        "userDefined": false
      }
    ],
    "isTemplate": false,
    "count": 0,
    "lang": "en",
    "updated": 0
  },
  {
    "id": "dc448f8a-5bce-4b9c-b210-c606328c8dce",
    "data": [
      {
        "text": "i am ",
        "userDefined": false
      },
      {
        "text": "pooja",
        "meta": "@sys.person",
        "alias": "person",
        "userDefined": false
      }
    ],
    "isTemplate": false,
    "count": 0,
    "lang": "en",
    "updated": 0
  }
]