[
  {
    "id": "b079be38-803a-4cc4-967d-46470b22d876",
    "data": [
      {
        "text": "book ",
        "userDefined": false
      },
      {
        "text": "1",
        "meta": "@sys.number",
        "alias": "number",
        "userDefined": false
      },
      {
        "text": " ",
        "userDefined": false
      },
      {
        "text": "VIP",
        "meta": "@room-category",
        "alias": "room-category",
        "userDefined": false
      },
      {
        "text": " room and ",
        "userDefined": false
      },
      {
        "text": "1",
        "meta": "@sys.number",
        "alias": "number",
        "userDefined": false
      },
      {
        "text": " ",
        "userDefined": false
      },
      {
        "text": "normal",
        "meta": "@room-category",
        "alias": "room-category1",
        "userDefined": false
      },
      {
        "text": " room",
        "userDefined": false
      }
    ],
    "isTemplate": false,
    "count": 0,
    "lang": "en",
    "updated": 0
  },
  {
    "id": "c8121108-0aae-4a67-93e4-df6bb250a74a",
    "data": [
      {
        "text": "I want to book ",
        "userDefined": false
      },
      {
        "text": "3",
        "meta": "@sys.number",
        "alias": "number",
        "userDefined": false
      },
      {
        "text": " ",
        "userDefined": false
      },
      {
        "text": "single",
        "meta": "@bed-quantity",
        "alias": "bed-quantity",
        "userDefined": false
      },
      {
        "text": " bedroom",
        "userDefined": false
      }
    ],
    "isTemplate": false,
    "count": 0,
    "lang": "en",
    "updated": 0
  },
  {
    "id": "cb8b0ccb-ad6a-4a32-8bd9-97a058186d7b",
    "data": [
      {
        "text": "1",
        "meta": "@sys.number",
        "alias": "number",
        "userDefined": false
      }
    ],
    "isTemplate": false,
    "count": 0,
    "lang": "en",
    "updated": 0
  }
]