[
  {
    "id": "1edab775-8896-4403-aa12-bd229cb38310",
    "data": [
      {
        "text": "I\u0027ll check in at ",
        "userDefined": false
      },
      {
        "text": "10 pm",
        "meta": "@sys.time",
        "alias": "time",
        "userDefined": true
      }
    ],
    "isTemplate": false,
    "count": 0,
    "lang": "en",
    "updated": 0
  },
  {
    "id": "097990cb-d79d-4d9b-be6c-1d172ed9e455",
    "data": [
      {
        "text": "at ",
        "userDefined": false
      },
      {
        "text": "2 am",
        "meta": "@sys.time",
        "alias": "time",
        "userDefined": true
      }
    ],
    "isTemplate": false,
    "count": 0,
    "lang": "en",
    "updated": 0
  }
]