[
  {
    "id": "0fd8ff97-ed70-4e6b-bca6-e385e94c079b",
    "data": [
      {
        "text": "zzz",
        "userDefined": false
      }
    ],
    "isTemplate": false,
    "count": 0,
    "lang": "en",
    "updated": 0
  },
  {
    "id": "ac37af0f-1a75-4d64-b01f-74a297b7f7e5",
    "data": [
      {
        "text": "yyy",
        "userDefined": false
      }
    ],
    "isTemplate": false,
    "count": 0,
    "lang": "en",
    "updated": 0
  },
  {
    "id": "c69a9b5a-0fce-404c-931d-752d087709b8",
    "data": [
      {
        "text": "xxx",
        "userDefined": false
      }
    ],
    "isTemplate": false,
    "count": 0,
    "lang": "en",
    "updated": 0
  }
]