[
  {
    "id": "97ec4dea-18ca-4808-a1e3-a269095640e2",
    "data": [
      {
        "text": "mine calling no. is ",
        "userDefined": false
      },
      {
        "text": "9685741236",
        "meta": "@sys.phone-number",
        "alias": "phone-number",
        "userDefined": false
      }
    ],
    "isTemplate": false,
    "count": 0,
    "lang": "en",
    "updated": 0
  },
  {
    "id": "fbedc834-b4a5-4f49-86c2-01b5e0238d99",
    "data": [
      {
        "text": "my phone number is ",
        "userDefined": false
      },
      {
        "text": "7418529637",
        "meta": "@sys.phone-number",
        "alias": "phone-number",
        "userDefined": false
      }
    ],
    "isTemplate": false,
    "count": 0,
    "lang": "en",
    "updated": 0
  },
  {
    "id": "b76a5a7b-055a-4d84-91be-687a9520feb5",
    "data": [
      {
        "text": "9632587441",
        "meta": "@sys.phone-number",
        "alias": "phone-number",
        "userDefined": true
      }
    ],
    "isTemplate": false,
    "count": 0,
    "lang": "en",
    "updated": 0
  }
]