[
  {
    "id": "241fe613-666f-4c33-9770-9ace892e9f19",
    "data": [
      {
        "text": "Book the hotel on ",
        "userDefined": false
      },
      {
        "text": "December 10",
        "meta": "@sys.date",
        "alias": "date",
        "userDefined": true
      }
    ],
    "isTemplate": false,
    "count": 0,
    "lang": "en",
    "updated": 0
  },
  {
    "id": "653e626d-69a7-4bc3-bb9d-0d34ed13bb9d",
    "data": [
      {
        "text": "I will check in on the ",
        "userDefined": false
      },
      {
        "text": "15th of November",
        "meta": "@sys.date",
        "alias": "date",
        "userDefined": true
      }
    ],
    "isTemplate": false,
    "count": 0,
    "lang": "en",
    "updated": 0
  },
  {
    "id": "0038d169-1beb-47f4-95be-488da4fdd401",
    "data": [
      {
        "text": "Nov 10",
        "meta": "@sys.date",
        "alias": "date",
        "userDefined": false
      }
    ],
    "isTemplate": false,
    "count": 0,
    "lang": "en",
    "updated": 0
  },
  {
    "id": "9b6f0da0-c0c2-41e4-bf60-3c60e0e9b417",
    "data": [
      {
        "text": "10/12/2021",
        "meta": "@sys.date",
        "alias": "date",
        "userDefined": false
      }
    ],
    "isTemplate": false,
    "count": 0,
    "lang": "en",
    "updated": 0
  },
  {
    "id": "4faa5b7b-81eb-4763-ba6e-afa993acfe14",
    "data": [
      {
        "text": "10th Dec",
        "meta": "@sys.date",
        "alias": "date",
        "userDefined": false
      }
    ],
    "isTemplate": false,
    "count": 0,
    "lang": "en",
    "updated": 0
  }
]