[
  {
    "id": "d128ba18-c350-425c-a44d-7df2386142a1",
    "data": [
      {
        "text": "my email id is ",
        "userDefined": false
      },
      {
        "text": "pooja@gmail.com",
        "meta": "@sys.email",
        "alias": "email",
        "userDefined": true
      }
    ],
    "isTemplate": false,
    "count": 0,
    "lang": "en",
    "updated": 0
  },
  {
    "id": "57b2f875-7b37-4397-bb5b-320509a3c14b",
    "data": [
      {
        "text": "pooja@gmail.com",
        "meta": "@sys.email",
        "alias": "email",
        "userDefined": true
      }
    ],
    "isTemplate": false,
    "count": 0,
    "lang": "en",
    "updated": 0
  }
]