[
  {
    "id": "7da0fa1a-d7b5-4468-a2a2-8e2eaef4de8b",
    "data": [
      {
        "text": "85321",
        "meta": "@sys.number",
        "alias": "number",
        "userDefined": false
      }
    ],
    "isTemplate": false,
    "count": 0,
    "lang": "en",
    "updated": 0
  },
  {
    "id": "16412a71-c9a5-4712-a601-f0761061fb77",
    "data": [
      {
        "text": "12345",
        "meta": "@sys.number",
        "alias": "number",
        "userDefined": false
      }
    ],
    "isTemplate": false,
    "count": 0,
    "lang": "en",
    "updated": 0
  }
]